-- phpMyAdmin SQL Dump
-- version 5.2.1
-- https://www.phpmyadmin.net/
--
-- Host: 127.0.0.1:3306
-- Generation Time: Jan 18, 2026 at 04:53 PM
-- Server version: 8.3.0
-- PHP Version: 8.2.18

SET SQL_MODE = "NO_AUTO_VALUE_ON_ZERO";
START TRANSACTION;
SET time_zone = "+00:00";


/*!40101 SET @OLD_CHARACTER_SET_CLIENT=@@CHARACTER_SET_CLIENT */;
/*!40101 SET @OLD_CHARACTER_SET_RESULTS=@@CHARACTER_SET_RESULTS */;
/*!40101 SET @OLD_COLLATION_CONNECTION=@@COLLATION_CONNECTION */;
/*!40101 SET NAMES utf8mb4 */;

--
-- Database: `coursat`
--

-- --------------------------------------------------------

--
-- Table structure for table `categories`
--

DROP TABLE IF EXISTS `categories`;
CREATE TABLE IF NOT EXISTS `categories` (
  `id` int NOT NULL AUTO_INCREMENT,
  `categ_name` varchar(100) CHARACTER SET utf8mb4 COLLATE utf8mb4_0900_ai_ci NOT NULL,
  `categ_icon` blob,
  PRIMARY KEY (`id`),
  UNIQUE KEY `categ_name` (`categ_name`)
) ENGINE=MyISAM AUTO_INCREMENT=31 DEFAULT CHARSET=utf8mb4 COLLATE=utf8mb4_0900_ai_ci;

--
-- Dumping data for table `categories`
--

INSERT INTO `categories` (`id`, `categ_name`, `categ_icon`) VALUES
(1, 'programing', 0x3c73766720786d6c6e733d22687474703a2f2f7777772e77332e6f72672f323030302f737667222077696474683d22313622206865696768743d223136222066696c6c3d2263757272656e74436f6c6f722220636c6173733d2262692062692d636f64652d737175617265222076696577426f783d22302030203136203136223e0a20203c7061746820643d224d313420316131203120302030203120312031763132613120312030203020312d3120314832613120312030203020312d312d3156326131203120302030203120312d317a4d322030613220322030203020302d32203276313261322032203020302030203220326831326132203220302030203020322d325632613220322030203020302d322d327a222f3e0a20203c7061746820643d224d362e38353420342e363436612e352e352030203020312030202e3730384c342e32303720386c322e36343720322e363436612e352e352030203020312d2e3730382e3730386c2d332d33612e352e3520302030203120302d2e3730386c332d33612e352e35203020302031202e37303820306d322e3239322030612e352e352030203020302030202e3730384c31312e37393320386c2d322e36343720322e363436612e352e35203020302030202e3730382e3730386c332d33612e352e3520302030203020302d2e3730386c2d332d33612e352e352030203020302d2e3730382030222f3e0a3c2f7376673e),
(2, 'crafts', 0x3c73766720786d6c6e733d22687474703a2f2f7777772e77332e6f72672f323030302f737667222077696474683d22313622206865696768743d223136222066696c6c3d2263757272656e74436f6c6f722220636c6173733d2262692062692d696d616765222076696577426f783d22302030203136203136223e0a20203c7061746820643d224d362e30303220352e3561312e3520312e352030203120312d33203020312e3520312e3520302030203120332030222f3e0a20203c7061746820643d224d322e3030322031613220322030203020302d32203276313061322032203020302030203220326831326132203220302030203020322d325633613220322030203020302d322d327a6d31322031613120312030203020312031203176362e356c2d332e3737372d312e393437612e352e352030203020302d2e3537372e3039336c2d332e373120332e37312d322e36362d312e373732612e352e352030203020302d2e36332e3036324c312e30303220313256336131203120302030203120312d317a222f3e0a3c2f7376673e),
(3, 'photography', 0x3c73766720786d6c6e733d22687474703a2f2f7777772e77332e6f72672f323030302f737667222077696474683d22313622206865696768743d223136222066696c6c3d2263757272656e74436f6c6f722220636c6173733d2262692062692d7472616e73706172656e6379222076696577426f783d22302030203136203136223e0a20203c7061746820643d224d3020362e3561362e3520362e352030203020312031322e3334362d322e38343620362e3520362e352030203120312d382e36393120382e36393141362e3520362e35203020302031203020362e356d352e31343420362e33353861352e3520352e3520302031203020372e3731342d372e37313420362e3520362e352030203020312d372e37313420372e3731346d2d2e3733332d312e323639712e3534362e32323620312e3134342e33336c2d312e3437342d312e343734712e3130342e3539372e333320312e3134346d322e3631342e33383661352e3520352e3520302030203020312e3137332d2e3234324c342e33373420372e3931613620362030203020302d2e32393620312e3131387a6d322e3135372d2e363732712e3434362d2e32352e3833382d2e3537364c352e34313820362e313236613620362030203020302d2e3538372e3832367a6d312e3534352d312e323834712e3332352d2e33392e3537362d2e3833374c362e39353320342e3833613620362030203020302d2e3832372e3538376c342e3620342e3630325a6d312e3030362d312e383232712e3138332d2e3536322e3234322d312e3137324c392e30323820342e303738712d2e35382e3039362d312e3131382e3239366c332e38323320332e3832345a6d2e3138362d322e36343261352e3520352e352030203020302d2e33332d312e31343420352e3520352e352030203020302d312e3134342d2e33337a222f3e0a3c2f7376673e),
(4, 'languages', 0x3c73766720786d6c6e733d22687474703a2f2f7777772e77332e6f72672f323030302f737667222077696474683d22313622206865696768743d223136222066696c6c3d2263757272656e74436f6c6f722220636c6173733d2262692062692d7472616e736c617465222076696577426f783d22302030203136203136223e0a20203c7061746820643d224d342e35343520362e37313420342e3131203848336c312e3836322d3568312e3238344c38203848362e3833336c2d2e3433352d312e3238367a6d312e3633342d2e3733364c352e3520332e393536682d2e3034396c2d2e36373920322e3032327a222f3e0a20203c7061746820643d224d3020326132203220302030203120322d32683761322032203020302031203220327633683361322032203020302031203220327637613220322030203020312d3220324837613220322030203020312d322d32762d334832613220322030203020312d322d327a6d322d31613120312030203020302d3120317637613120312030203020302031203168376131203120302030203020312d315632613120312030203020302d312d317a6d372e31333820392e393935712e3238392e3435312e36332e383436632d2e3734382e3537352d312e36373320312e3030312d322e37363820312e3239322e3137382e3231372e3435312e3633352e3535352e38363720312e3132352d2e33353920322e30382d2e38343420322e3838362d312e3439342e3737372e36363520312e37333920312e31363520322e393320312e3437322e3133332d2e3235342e3431342d2e3637332e3632392d2e38392d312e3132352d2e3235332d322e3035372d2e3639342d322e38322d312e3238342e3638312d2e37343720312e3232322d312e36353120312e3632312d322e3735374831345638682d3376312e303437682e373635632d2e3331382e3834342d2e373420312e3534362d312e32373220322e3133613620362030203020312d2e3431352d2e343932203220322030203020312d2e39342e3331222f3e0a3c2f7376673e);

-- --------------------------------------------------------

--
-- Table structure for table `courses`
--

DROP TABLE IF EXISTS `courses`;
CREATE TABLE IF NOT EXISTS `courses` (
  `id` int NOT NULL AUTO_INCREMENT,
  `course_name` varchar(100) CHARACTER SET utf8mb4 COLLATE utf8mb4_0900_ai_ci NOT NULL,
  `img` varchar(100) NOT NULL,
  `description` text,
  `attachment` varchar(100) NOT NULL,
  `categ_id` int NOT NULL,
  `is_private` tinyint(1) NOT NULL DEFAULT '0',
  `created_at` timestamp NOT NULL DEFAULT CURRENT_TIMESTAMP,
  `subscription_id` int NOT NULL,
  PRIMARY KEY (`id`),
  UNIQUE KEY `course_name` (`course_name`),
  KEY `subscription_id` (`subscription_id`)
) ENGINE=MyISAM AUTO_INCREMENT=48 DEFAULT CHARSET=utf8mb4 COLLATE=utf8mb4_0900_ai_ci;

--
-- Dumping data for table `courses`
--

INSERT INTO `courses` (`id`, `course_name`, `img`, `description`, `attachment`, `categ_id`, `is_private`, `created_at`, `subscription_id`) VALUES
(30, 'Arabic', 'arabic.jpg', 'Arabic language course', 'test.pdf', 4, 1, '2025-04-03 11:56:54', 1),
(29, 'English', 'english.jpg', 'English language course', 'test.pdf', 4, 0, '2025-04-03 11:56:54', 3),
(28, 'php', 'php.jpg', 'php course', 'test.pdf', 1, 0, '2025-04-03 11:56:54', 2),
(27, 'how to make a box', 'images.jpg', 'crafts skills', 'test.pdf', 2, 0, '2025-04-03 11:56:54', 1),
(26, 'how to take a video', 'photo.jpg', 'how to video record', 'test.pdf', 3, 0, '2025-04-03 11:56:54', 2),
(22, 'html', 'html.jpg', 'html course', 'test.pdf', 1, 0, '2025-04-03 11:56:54', 3),
(23, 'how to take photos', 'photos.jpg', 'how to photo shoot prof', 'test.pdf', 3, 0, '2025-04-03 11:56:54', 3),
(24, 'how to make a door', 'door.jpg', 'wooden crafts', 'test.pdf', 2, 0, '2025-04-03 11:56:54', 2),
(25, 'python', 'python.jpg', 'python course', 'test.pdf', 1, 0, '2025-04-03 11:56:54', 1),
(43, 'Espaniol', 'esp.jpg', 'Espaniol language course', 'test.pdf', 4, 0, '2025-05-22 05:29:01', 2),
(44, 'Chinese', 'download.jpg', 'Chinese language course', 'test.pdf', 4, 0, '2025-05-22 05:30:45', 3),
(45, 'Java script', 'Javascript-Content-Article.png', 'Learn Java script', 'test.pdf', 1, 0, '2025-05-22 05:34:12', 2),
(46, 'How to make a suit', 'downloaad.jpg', 'learn to make a suit', 'test.pdf', 2, 1, '2025-05-22 05:37:45', 3),
(47, 'TEST', 'download.jpg', 'TEST', 'test.pdf', 3, 1, '2025-06-21 08:13:51', 2);

-- --------------------------------------------------------

--
-- Table structure for table `enrollments`
--

DROP TABLE IF EXISTS `enrollments`;
CREATE TABLE IF NOT EXISTS `enrollments` (
  `id` int NOT NULL AUTO_INCREMENT,
  `user_id` int NOT NULL,
  `course_id` int NOT NULL,
  `enrollment_date` timestamp NOT NULL DEFAULT CURRENT_TIMESTAMP,
  `status` tinyint(1) NOT NULL DEFAULT '1',
  PRIMARY KEY (`id`),
  KEY `sub_details_id` (`user_id`),
  KEY `course_id` (`course_id`)
) ENGINE=MyISAM AUTO_INCREMENT=108 DEFAULT CHARSET=utf8mb4 COLLATE=utf8mb4_0900_ai_ci;

--
-- Dumping data for table `enrollments`
--

INSERT INTO `enrollments` (`id`, `user_id`, `course_id`, `enrollment_date`, `status`) VALUES
(107, 1, 47, '2025-06-21 08:14:13', 1),
(106, 59, 25, '2025-06-21 08:01:36', 1),
(105, 59, 43, '2025-06-21 08:01:05', 1),
(104, 59, 30, '2025-06-21 08:00:58', 1),
(103, 59, 30, '2025-06-21 07:58:58', 0),
(102, 59, 30, '2025-06-21 07:58:48', 0),
(101, 1, 25, '2025-06-20 16:27:26', 0),
(100, 1, 25, '2025-06-20 07:45:00', 1),
(99, 1, 30, '2025-06-20 07:44:54', 0);

-- --------------------------------------------------------

--
-- Table structure for table `subscription`
--

DROP TABLE IF EXISTS `subscription`;
CREATE TABLE IF NOT EXISTS `subscription` (
  `id` int NOT NULL AUTO_INCREMENT,
  `sub_name` varchar(20) NOT NULL,
  `sub_price` decimal(10,0) NOT NULL,
  `sub_max` int NOT NULL,
  `level` int NOT NULL,
  PRIMARY KEY (`id`),
  UNIQUE KEY `sub_name` (`sub_name`)
) ENGINE=MyISAM AUTO_INCREMENT=20 DEFAULT CHARSET=utf8mb4 COLLATE=utf8mb4_0900_ai_ci;

--
-- Dumping data for table `subscription`
--

INSERT INTO `subscription` (`id`, `sub_name`, `sub_price`, `sub_max`, `level`) VALUES
(3, 'Diamond', 400, 8, 3),
(2, 'Premium', 200, 4, 2),
(1, 'basic', 100, 2, 0);

-- --------------------------------------------------------

--
-- Table structure for table `sub_details`
--

DROP TABLE IF EXISTS `sub_details`;
CREATE TABLE IF NOT EXISTS `sub_details` (
  `id` int NOT NULL AUTO_INCREMENT,
  `user_id` int NOT NULL,
  `sub_ID` int NOT NULL,
  `sub_date` timestamp NOT NULL DEFAULT CURRENT_TIMESTAMP,
  `status` tinyint(1) NOT NULL DEFAULT '1',
  PRIMARY KEY (`id`),
  KEY `user_id` (`user_id`),
  KEY `sub_ID` (`sub_ID`)
) ENGINE=MyISAM AUTO_INCREMENT=12 DEFAULT CHARSET=utf8mb4 COLLATE=utf8mb4_0900_ai_ci;

--
-- Dumping data for table `sub_details`
--

INSERT INTO `sub_details` (`id`, `user_id`, `sub_ID`, `sub_date`, `status`) VALUES
(11, 59, 2, '2025-06-21 07:58:36', 1),
(10, 1, 2, '2025-06-20 16:27:22', 0);

-- --------------------------------------------------------

--
-- Table structure for table `users`
--

DROP TABLE IF EXISTS `users`;
CREATE TABLE IF NOT EXISTS `users` (
  `id` int NOT NULL AUTO_INCREMENT,
  `username` varchar(100) CHARACTER SET utf8mb4 COLLATE utf8mb4_0900_ai_ci NOT NULL,
  `password` varchar(255) CHARACTER SET utf8mb4 COLLATE utf8mb4_0900_ai_ci NOT NULL,
  `email` varchar(100) CHARACTER SET utf8mb4 COLLATE utf8mb4_0900_ai_ci NOT NULL,
  `status` tinyint(1) NOT NULL DEFAULT '1',
  `role` enum('admin','student') CHARACTER SET utf8mb4 COLLATE utf8mb4_0900_ai_ci NOT NULL DEFAULT 'student',
  PRIMARY KEY (`id`),
  UNIQUE KEY `email` (`email`)
) ENGINE=MyISAM AUTO_INCREMENT=60 DEFAULT CHARSET=utf8mb4 COLLATE=utf8mb4_0900_ai_ci;

--
-- Dumping data for table `users`
--

INSERT INTO `users` (`id`, `username`, `password`, `email`, `status`, `role`) VALUES
(1, 'admin', '$2y$10$1haomAoipAkobiFuFsTxJ.1fcRKV5UiUR0IljYJwSNY5g5NTe.Lna', 'admin@coursat.com', 1, 'admin'),
(2, 'user', '$2y$10$1haomAoipAkobiFuFsTxJ.1fcRKV5UiUR0IljYJwSNY5g5NTe.Lna', 'user@gmail.com', 1, 'student'),
(46, 'test1', '$2y$10$1haomAoipAkobiFuFsTxJ.1fcRKV5UiUR0IljYJwSNY5g5NTe.Lna', 'test1@gmail.com', 1, 'student'),
(47, 'test2', '$2y$10$1haomAoipAkobiFuFsTxJ.1fcRKV5UiUR0IljYJwSNY5g5NTe.Lna', 'test2@gmail.com', 1, 'student'),
(48, 'test3', '$2y$10$1haomAoipAkobiFuFsTxJ.1fcRKV5UiUR0IljYJwSNY5g5NTe.Lna', 'test3@gmail.com', 1, 'student'),
(49, 'test4', '$2y$10$1haomAoipAkobiFuFsTxJ.1fcRKV5UiUR0IljYJwSNY5g5NTe.Lna', 'test4@gmail.com', 1, 'student'),
(50, 'test5', '$2y$10$1haomAoipAkobiFuFsTxJ.1fcRKV5UiUR0IljYJwSNY5g5NTe.Lna', 'test5@gmail.com', 1, 'student'),
(51, 'test6', '$2y$10$1haomAoipAkobiFuFsTxJ.1fcRKV5UiUR0IljYJwSNY5g5NTe.Lna', 'test6@gmail.com', 1, 'student'),
(52, 'test7', '$2y$10$1haomAoipAkobiFuFsTxJ.1fcRKV5UiUR0IljYJwSNY5g5NTe.Lna', 'test7@gmail.com', 1, 'student'),
(53, 'test8', '$2y$10$1haomAoipAkobiFuFsTxJ.1fcRKV5UiUR0IljYJwSNY5g5NTe.Lna', 'test8@gmail.com', 1, 'student'),
(54, 'test9', '$2y$10$1haomAoipAkobiFuFsTxJ.1fcRKV5UiUR0IljYJwSNY5g5NTe.Lna', 'test9@gmail.com', 1, 'student'),
(55, 'test10', '$2y$10$1haomAoipAkobiFuFsTxJ.1fcRKV5UiUR0IljYJwSNY5g5NTe.Lna', 'test10@gmail.com', 1, 'student'),
(59, 'BOB', '$2y$10$/WeoP2nK.wykVH00V.V98uXhSMqeCBQRXEPR8OQAP56Mn.gzmpdlW', 'BOBB@GMAIL.COM', 0, 'student');
COMMIT;

/*!40101 SET CHARACTER_SET_CLIENT=@OLD_CHARACTER_SET_CLIENT */;
/*!40101 SET CHARACTER_SET_RESULTS=@OLD_CHARACTER_SET_RESULTS */;
/*!40101 SET COLLATION_CONNECTION=@OLD_COLLATION_CONNECTION */;
